;;;;;;;;;;;;x,,,,,,,,,,,,,
return_core_on_title;Enable 'Return Cores' decisions;;;;;;;;;;;;x,,
return_core_on_desc;The Return Cores decisions allow you to return cores of vassals and spherelings, as long as you don't have a core in the province, and are otherwise kept hidden from view to avoid having them clutter up your decision list.;;;;;;;;;;;;x
return_core_off_title;Disable 'Return Cores' decisions;;;;;;;;;;;;x,,
return_core_off_desc;Your decision list will now be uncluttered.;;;;;;;;;;;;x,,
return_core_disabled_title;Deactivate 'Return Cores' decisions;;;;;;;;;;;;x,,
return_core_disabled_desc;The 'Return Cores' decisions will disappear from this game session and won't reappear again. You won't be able to use these decisions again for this game.;;;;;;;;;;;;x,,
return_cores_ADE_title;Return cores to Aden;;;;;;;;;;;;;;;;;;;;x,,
return_cores_ADE_desc;We hold provinces that Aden has claims on. Returning these provinces, as an act of good faith, would surely bolster our relations.;;;;;;;;;;;;x
return_cores_ADU_title;Return cores to Khilafat Qurtuba;;;;;;;;;;;;;;;;;;;;x,,
return_cores_ADU_desc;We hold provinces that Khilafat Qurtuba has claims on. Returning these provinces, as an act of good faith, would surely bolster our relations.;;;;;;;;;;;;x
return_cores_AFG_title;Return cores to Afghanistan;;;;;;;;;;;;;;;;;;;;x,,
return_cores_AFG_desc;We hold provinces that Afghanistan has claims on. Returning these provinces, as an act of good faith, would surely bolster our relations.;;;;;;;;;;;;x
return_cores_AJU_title;Return cores to Onuphrius;;;;;;;;;;;;;;;;;;;;x,,
return_cores_AJU_desc;We hold provinces that Onuphrius has claims on. Returning these provinces, as an act of good faith, would surely bolster our relations.;;;;;;;;;;;;x
return_cores_ALD_title;Return cores to Algiers;;;;;;;;;;;;;;;;;;;;x,,
return_cores_ALD_desc;We hold provinces that Algiers has claims on. Returning these provinces, as an act of good faith, would surely bolster our relations.;;;;;;;;;;;;x
return_cores_ALS_title;Return cores to Alsace;;;;;;;;;;;;;;;;;;;;x,,
return_cores_ALS_desc;We hold provinces that Alsace has claims on. Returning these provinces, as an act of good faith, would surely bolster our relations.;;;;;;;;;;;;x
return_cores_AND_title;Return cores to Andhra;;;;;;;;;;;;;;;;;;;;x,,
return_cores_AND_desc;We hold provinces that Andhra has claims on. Returning these provinces, as an act of good faith, would surely bolster our relations.;;;;;;;;;;;;x
return_cores_ANH_title;Return cores to Anhalt;;;;;;;;;;;;;;;;;;;;x,,
return_cores_ANH_desc;We hold provinces that Anhalt has claims on. Returning these provinces, as an act of good faith, would surely bolster our relations.;;;;;;;;;;;;x
return_cores_ASH_title;Return cores to Ashanti;;;;;;;;;;;;;;;;;;;;x,,
return_cores_ASH_desc;We hold provinces that Ashanti has claims on. Returning these provinces, as an act of good faith, would surely bolster our relations.;;;;;;;;;;;;x
return_cores_ASM_title;Return cores to Mlechchhas;;;;;;;;;;;;;;;;;;;;x,,
return_cores_ASM_desc;We hold provinces that Mlechchhas has claims on. Returning these provinces, as an act of good faith, would surely bolster our relations.;;;;;;;;;;;;x
return_cores_AST_title;Return cores to Australia;;;;;;;;;;;;;;;;;;;;x,,
return_cores_AST_desc;We hold provinces that Australia has claims on. Returning these provinces, as an act of good faith, would surely bolster our relations.;;;;;;;;;;;;x
return_cores_ASY_title;Return cores to Mat Aššur;;;;;;;;;;;;;;;;;;;;x,,
return_cores_ASY_desc;We hold provinces that Mat Aššur has claims on. Returning these provinces, as an act of good faith, would surely bolster our relations.;;;;;;;;;;;;x
return_cores_ATJ_title;Return cores to Aceh;;;;;;;;;;;;;;;;;;;;x,,
return_cores_ATJ_desc;We hold provinces that Aceh has claims on. Returning these provinces, as an act of good faith, would surely bolster our relations.;;;;;;;;;;;;x
return_cores_AUK_title;Return cores to Kaurna;;;;;;;;;;;;;;;;;;;;x,,
return_cores_AUK_desc;We hold provinces that Kaurna has claims on. Returning these provinces, as an act of good faith, would surely bolster our relations.;;;;;;;;;;;;x
return_cores_AVA_title;Return cores to Pagan;;;;;;;;;;;;;;;;;;;;x,,
return_cores_AVA_desc;We hold provinces that Pagan has claims on. Returning these provinces, as an act of good faith, would surely bolster our relations.;;;;;;;;;;;;x
return_cores_AWS_title;Return cores to Aussa;;;;;;;;;;;;;;;;;;;;x,,
return_cores_AWS_desc;We hold provinces that Aussa has claims on. Returning these provinces, as an act of good faith, would surely bolster our relations.;;;;;;;;;;;;x
return_cores_AZT_title;Return cores to Aztec;;;;;;;;;;;;;;;;;;;;x,,
return_cores_AZT_desc;We hold provinces that Aztec has claims on. Returning these provinces, as an act of good faith, would surely bolster our relations.;;;;;;;;;;;;x
return_cores_BAB_title;Return cores to Babylon;;;;;;;;;;;;;;;;;;;;x,,
return_cores_BAB_desc;We hold provinces that Babylon has claims on. Returning these provinces, as an act of good faith, would surely bolster our relations.;;;;;;;;;;;;x
return_cores_BAL_title;Return cores to Bali;;;;;;;;;;;;;;;;;;;;x,,
return_cores_BAL_desc;We hold provinces that Bali has claims on. Returning these provinces, as an act of good faith, would surely bolster our relations.;;;;;;;;;;;;x
return_cores_BAV_title;Return cores to Bavaria;;;;;;;;;;;;;;;;;;;;x,,
return_cores_BAV_desc;We hold provinces that Bavaria has claims on. Returning these provinces, as an act of good faith, would surely bolster our relations.;;;;;;;;;;;;x
return_cores_BLC_title;Return cores to Baluchistan;;;;;;;;;;;;;;;;;;;;x,,
return_cores_BLC_desc;We hold provinces that Baluchistan has claims on. Returning these provinces, as an act of good faith, would surely bolster our relations.;;;;;;;;;;;;x
return_cores_BNE_title;Return cores to Bone;;;;;;;;;;;;;;;;;;;;x,,
return_cores_BNE_desc;We hold provinces that Bone has claims on. Returning these provinces, as an act of good faith, would surely bolster our relations.;;;;;;;;;;;;x
return_cores_BNG_title;Return cores to Palas;;;;;;;;;;;;;;;;;;;;x,,
return_cores_BNG_desc;We hold provinces that Palas has claims on. Returning these provinces, as an act of good faith, would surely bolster our relations.;;;;;;;;;;;;x
return_cores_BOH_title;Return cores to Czeskodunavia;;;;;;;;;;;;;;;;;;;;x,,
return_cores_BOH_desc;We hold provinces that Czeskodunavia has claims on. Returning these provinces, as an act of good faith, would surely bolster our relations.;;;;;;;;;;;;x
return_cores_BOL_title;Return cores to Peru;;;;;;;;;;;;;;;;;;;;x,,
return_cores_BOL_desc;We hold provinces that Peru has claims on. Returning these provinces, as an act of good faith, would surely bolster our relations.;;;;;;;;;;;;x
return_cores_BOS_title;Return cores to Bosnia;;;;;;;;;;;;;;;;;;;;x,,
return_cores_BOS_desc;We hold provinces that Bosnia has claims on. Returning these provinces, as an act of good faith, would surely bolster our relations.;;;;;;;;;;;;x
return_cores_BRD_title;Return cores to Burundi;;;;;;;;;;;;;;;;;;;;x,,
return_cores_BRD_desc;We hold provinces that Burundi has claims on. Returning these provinces, as an act of good faith, would surely bolster our relations.;;;;;;;;;;;;x
return_cores_BRU_title;Return cores to Brunei;;;;;;;;;;;;;;;;;;;;x,,
return_cores_BRU_desc;We hold provinces that Brunei has claims on. Returning these provinces, as an act of good faith, would surely bolster our relations.;;;;;;;;;;;;x
return_cores_BRY_title;Return cores to Buryatia;;;;;;;;;;;;;;;;;;;;x,,
return_cores_BRY_desc;We hold provinces that Buryatia has claims on. Returning these provinces, as an act of good faith, would surely bolster our relations.;;;;;;;;;;;;x
return_cores_BRZ_title;Return cores to Brazil;;;;;;;;;;;;;;;;;;;;x,,
return_cores_BRZ_desc;We hold provinces that Brazil has claims on. Returning these provinces, as an act of good faith, would surely bolster our relations.;;;;;;;;;;;;x
return_cores_BTN_title;Return cores to Buton;;;;;;;;;;;;;;;;;;;;x,,
return_cores_BTN_desc;We hold provinces that Buton has claims on. Returning these provinces, as an act of good faith, would surely bolster our relations.;;;;;;;;;;;;x
return_cores_BUG_title;Return cores to Buganda;;;;;;;;;;;;;;;;;;;;x,,
return_cores_BUG_desc;We hold provinces that Buganda has claims on. Returning these provinces, as an act of good faith, would surely bolster our relations.;;;;;;;;;;;;x
return_cores_BUL_title;Return cores to Bulgaria;;;;;;;;;;;;;;;;;;;;x,,
return_cores_BUL_desc;We hold provinces that Bulgaria has claims on. Returning these provinces, as an act of good faith, would surely bolster our relations.;;;;;;;;;;;;x
return_cores_BUR_title;Return cores to Taungu;;;;;;;;;;;;;;;;;;;;x,,
return_cores_BUR_desc;We hold provinces that Taungu has claims on. Returning these provinces, as an act of good faith, would surely bolster our relations.;;;;;;;;;;;;x
return_cores_BYZ_title;Return cores to Byzantine Empire;;;;;;;;;;;;;;;;;;;;x,,
return_cores_BYZ_desc;We hold provinces that Byzantine Empire has claims on. Returning these provinces, as an act of good faith, would surely bolster our relations.;;;;;;;;;;;;x
return_cores_CAB_title;Return cores to Carib;;;;;;;;;;;;;;;;;;;;x,,
return_cores_CAB_desc;We hold provinces that Carib has claims on. Returning these provinces, as an act of good faith, would surely bolster our relations.;;;;;;;;;;;;x
return_cores_CAD_title;Return cores to Caddo;;;;;;;;;;;;;;;;;;;;x,,
return_cores_CAD_desc;We hold provinces that Caddo has claims on. Returning these provinces, as an act of good faith, would surely bolster our relations.;;;;;;;;;;;;x
return_cores_CAL_title;Return cores to Joseon California;;;;;;;;;;;;;;;;;;;;x,,
return_cores_CAL_desc;We hold provinces that Joseon California has claims on. Returning these provinces, as an act of good faith, would surely bolster our relations.;;;;;;;;;;;;x
return_cores_CCQ_title;Return cores to Calchaqui;;;;;;;;;;;;;;;;;;;;x,,
return_cores_CCQ_desc;We hold provinces that Calchaqui has claims on. Returning these provinces, as an act of good faith, would surely bolster our relations.;;;;;;;;;;;;x
return_cores_CCW_title;Return cores to Choctaw;;;;;;;;;;;;;;;;;;;;x,,
return_cores_CCW_desc;We hold provinces that Choctaw has claims on. Returning these provinces, as an act of good faith, would surely bolster our relations.;;;;;;;;;;;;x
return_cores_CDL_title;Return cores to Dali;;;;;;;;;;;;;;;;;;;;x,,
return_cores_CDL_desc;We hold provinces that Dali has claims on. Returning these provinces, as an act of good faith, would surely bolster our relations.;;;;;;;;;;;;x
return_cores_CGS_title;Return cores to Changsheng;;;;;;;;;;;;;;;;;;;;x,,
return_cores_CGS_desc;We hold provinces that Changsheng has claims on. Returning these provinces, as an act of good faith, would surely bolster our relations.;;;;;;;;;;;;x
return_cores_CHA_title;Return cores to Champa;;;;;;;;;;;;;;;;;;;;x,,
return_cores_CHA_desc;We hold provinces that Champa has claims on. Returning these provinces, as an act of good faith, would surely bolster our relations.;;;;;;;;;;;;x
return_cores_CHC_title;Return cores to Chu;;;;;;;;;;;;;;;;;;;;x,,
return_cores_CHC_desc;We hold provinces that Chu has claims on. Returning these provinces, as an act of good faith, would surely bolster our relations.;;;;;;;;;;;;x
return_cores_CHG_title;Return cores to Chagatai;;;;;;;;;;;;;;;;;;;;x,,
return_cores_CHG_desc;We hold provinces that Chagatai has claims on. Returning these provinces, as an act of good faith, would surely bolster our relations.;;;;;;;;;;;;x
return_cores_CHM_title;Return cores to Chimu;;;;;;;;;;;;;;;;;;;;x,,
return_cores_CHM_desc;We hold provinces that Chimu has claims on. Returning these provinces, as an act of good faith, would surely bolster our relations.;;;;;;;;;;;;x
return_cores_CHN_title;Return cores to Chickasaw;;;;;;;;;;;;;;;;;;;;x,,
return_cores_CHN_desc;We hold provinces that Chickasaw has claims on. Returning these provinces, as an act of good faith, would surely bolster our relations.;;;;;;;;;;;;x
return_cores_CKW_title;Return cores to Chokwe;;;;;;;;;;;;;;;;;;;;x,,
return_cores_CKW_desc;We hold provinces that Chokwe has claims on. Returning these provinces, as an act of good faith, would surely bolster our relations.;;;;;;;;;;;;x
return_cores_CLM_title;Return cores to Colombia;;;;;;;;;;;;;;;;;;;;x,,
return_cores_CLM_desc;We hold provinces that Colombia has claims on. Returning these provinces, as an act of good faith, would surely bolster our relations.;;;;;;;;;;;;x
return_cores_CNK_title;Return cores to Chinook;;;;;;;;;;;;;;;;;;;;x,,
return_cores_CNK_desc;We hold provinces that Chinook has claims on. Returning these provinces, as an act of good faith, would surely bolster our relations.;;;;;;;;;;;;x
return_cores_CRA_title;Return cores to Charca;;;;;;;;;;;;;;;;;;;;x,,
return_cores_CRA_desc;We hold provinces that Charca has claims on. Returning these provinces, as an act of good faith, would surely bolster our relations.;;;;;;;;;;;;x
return_cores_CRB_title;Return cores to Dutch West Indies;;;;;;;;;;;;;;;;;;;;x,,
return_cores_CRB_desc;We hold provinces that Dutch West Indies has claims on. Returning these provinces, as an act of good faith, would surely bolster our relations.;;;;;;;;;;;;x
return_cores_CRK_title;Return cores to Creek;;;;;;;;;;;;;;;;;;;;x,,
return_cores_CRK_desc;We hold provinces that Creek has claims on. Returning these provinces, as an act of good faith, would surely bolster our relations.;;;;;;;;;;;;x
return_cores_CRO_title;Return cores to Croatia;;;;;;;;;;;;;;;;;;;;x,,
return_cores_CRO_desc;We hold provinces that Croatia has claims on. Returning these provinces, as an act of good faith, would surely bolster our relations.;;;;;;;;;;;;x
return_cores_CSH_title;Return cores to Shun;;;;;;;;;;;;;;;;;;;;x,,
return_cores_CSH_desc;We hold provinces that Shun has claims on. Returning these provinces, as an act of good faith, would surely bolster our relations.;;;;;;;;;;;;x
return_cores_CST_title;Return cores to Castalla;;;;;;;;;;;;;;;;;;;;x,,
return_cores_CST_desc;We hold provinces that Castalla has claims on. Returning these provinces, as an act of good faith, would surely bolster our relations.;;;;;;;;;;;;x
return_cores_CSU_title;Return cores to Cusco;;;;;;;;;;;;;;;;;;;;x,,
return_cores_CSU_desc;We hold provinces that Cusco has claims on. Returning these provinces, as an act of good faith, would surely bolster our relations.;;;;;;;;;;;;x
return_cores_CUA_title;Return cores to Charrua;;;;;;;;;;;;;;;;;;;;x,,
return_cores_CUA_desc;We hold provinces that Charrua has claims on. Returning these provinces, as an act of good faith, would surely bolster our relations.;;;;;;;;;;;;x
return_cores_CUB_title;Return cores to Cordoban West Indies;;;;;;;;;;;;;;;;;;;;x,,
return_cores_CUB_desc;We hold provinces that Cordoban West Indies has claims on. Returning these provinces, as an act of good faith, would surely bolster our relations.;;;;;;;;;;;;x
return_cores_CWU_title;Return cores to Wu;;;;;;;;;;;;;;;;;;;;x,,
return_cores_CWU_desc;We hold provinces that Wu has claims on. Returning these provinces, as an act of good faith, would surely bolster our relations.;;;;;;;;;;;;x
return_cores_CXI_title;Return cores to Xi;;;;;;;;;;;;;;;;;;;;x,,
return_cores_CXI_desc;We hold provinces that Xi has claims on. Returning these provinces, as an act of good faith, would surely bolster our relations.;;;;;;;;;;;;x
return_cores_CYA_title;Return cores to Chachapoya;;;;;;;;;;;;;;;;;;;;x,,
return_cores_CYA_desc;We hold provinces that Chachapoya has claims on. Returning these provinces, as an act of good faith, would surely bolster our relations.;;;;;;;;;;;;x
return_cores_CYI_title;Return cores to Yi;;;;;;;;;;;;;;;;;;;;x,,
return_cores_CYI_desc;We hold provinces that Yi has claims on. Returning these provinces, as an act of good faith, would surely bolster our relations.;;;;;;;;;;;;x
return_cores_DAH_title;Return cores to Dahomey;;;;;;;;;;;;;;;;;;;;x,,
return_cores_DAH_desc;We hold provinces that Dahomey has claims on. Returning these provinces, as an act of good faith, would surely bolster our relations.;;;;;;;;;;;;x
return_cores_DAI_title;Return cores to Dai Viet;;;;;;;;;;;;;;;;;;;;x,,
return_cores_DAI_desc;We hold provinces that Dai Viet has claims on. Returning these provinces, as an act of good faith, would surely bolster our relations.;;;;;;;;;;;;x
return_cores_DEN_title;Return cores to Denmark;;;;;;;;;;;;;;;;;;;;x,,
return_cores_DEN_desc;We hold provinces that Denmark has claims on. Returning these provinces, as an act of good faith, would surely bolster our relations.;;;;;;;;;;;;x
return_cores_DES_title;Return cores to Nyja Englandi;;;;;;;;;;;;;;;;;;;;x,,
return_cores_DES_desc;We hold provinces that Nyja Englandi has claims on. Returning these provinces, as an act of good faith, would surely bolster our relations.;;;;;;;;;;;;x
return_cores_DJA_title;Return cores to Jambi;;;;;;;;;;;;;;;;;;;;x,,
return_cores_DJA_desc;We hold provinces that Jambi has claims on. Returning these provinces, as an act of good faith, would surely bolster our relations.;;;;;;;;;;;;x
return_cores_DLI_title;Return cores to Deli;;;;;;;;;;;;;;;;;;;;x,,
return_cores_DLI_desc;We hold provinces that Deli has claims on. Returning these provinces, as an act of good faith, would surely bolster our relations.;;;;;;;;;;;;x
return_cores_DMK_title;Return cores to Demak;;;;;;;;;;;;;;;;;;;;x,,
return_cores_DMK_desc;We hold provinces that Demak has claims on. Returning these provinces, as an act of good faith, would surely bolster our relations.;;;;;;;;;;;;x
return_cores_DUA_title;Return cores to Tvöfalda konungsveldið;;;;;;;;;;;;;;;;;;;;x,,
return_cores_DUA_desc;We hold provinces that Tvöfalda konungsveldið has claims on. Returning these provinces, as an act of good faith, would surely bolster our relations.;;;;;;;;;;;;x
return_cores_EGY_title;Return cores to Mamluks;;;;;;;;;;;;;;;;;;;;x,,
return_cores_EGY_desc;We hold provinces that Mamluks has claims on. Returning these provinces, as an act of good faith, would surely bolster our relations.;;;;;;;;;;;;x
return_cores_ENT_title;Return cores to Argentina;;;;;;;;;;;;;;;;;;;;x,,
return_cores_ENT_desc;We hold provinces that Argentina has claims on. Returning these provinces, as an act of good faith, would surely bolster our relations.;;;;;;;;;;;;x
return_cores_FLA_title;Return cores to Flanders;;;;;;;;;;;;;;;;;;;;x,,
return_cores_FLA_desc;We hold provinces that Flanders has claims on. Returning these provinces, as an act of good faith, would surely bolster our relations.;;;;;;;;;;;;x
return_cores_FUL_title;Return cores to Fulo;;;;;;;;;;;;;;;;;;;;x,,
return_cores_FUL_desc;We hold provinces that Fulo has claims on. Returning these provinces, as an act of good faith, would surely bolster our relations.;;;;;;;;;;;;x
return_cores_GDW_title;Return cores to Gondwana;;;;;;;;;;;;;;;;;;;;x,,
return_cores_GDW_desc;We hold provinces that Gondwana has claims on. Returning these provinces, as an act of good faith, would surely bolster our relations.;;;;;;;;;;;;x
return_cores_GRE_title;Return cores to Greece;;;;;;;;;;;;;;;;;;;;x,,
return_cores_GRE_desc;We hold provinces that Greece has claims on. Returning these provinces, as an act of good faith, would surely bolster our relations.;;;;;;;;;;;;x
return_cores_GRI_title;Return cores to Guarani;;;;;;;;;;;;;;;;;;;;x,,
return_cores_GRI_desc;We hold provinces that Guarani has claims on. Returning these provinces, as an act of good faith, would surely bolster our relations.;;;;;;;;;;;;x
return_cores_GUG_title;Return cores to Gugé;;;;;;;;;;;;;;;;;;;;x,,
return_cores_GUG_desc;We hold provinces that Gugé has claims on. Returning these provinces, as an act of good faith, would surely bolster our relations.;;;;;;;;;;;;x
return_cores_HAM_title;Return cores to Hamburg;;;;;;;;;;;;;;;;;;;;x,,
return_cores_HAM_desc;We hold provinces that Hamburg has claims on. Returning these provinces, as an act of good faith, would surely bolster our relations.;;;;;;;;;;;;x
return_cores_HAN_title;Return cores to Hildesheim;;;;;;;;;;;;;;;;;;;;x,,
return_cores_HAN_desc;We hold provinces that Hildesheim has claims on. Returning these provinces, as an act of good faith, would surely bolster our relations.;;;;;;;;;;;;x
return_cores_HAT_title;Return cores to Hainaut;;;;;;;;;;;;;;;;;;;;x,,
return_cores_HAT_desc;We hold provinces that Hainaut has claims on. Returning these provinces, as an act of good faith, would surely bolster our relations.;;;;;;;;;;;;x
return_cores_HAU_title;Return cores to Hausa;;;;;;;;;;;;;;;;;;;;x,,
return_cores_HAU_desc;We hold provinces that Hausa has claims on. Returning these provinces, as an act of good faith, would surely bolster our relations.;;;;;;;;;;;;x
return_cores_HDA_title;Return cores to Haida;;;;;;;;;;;;;;;;;;;;x,,
return_cores_HDA_desc;We hold provinces that Haida has claims on. Returning these provinces, as an act of good faith, would surely bolster our relations.;;;;;;;;;;;;x
return_cores_HDJ_title;Return cores to Hejaz;;;;;;;;;;;;;;;;;;;;x,,
return_cores_HDJ_desc;We hold provinces that Hejaz has claims on. Returning these provinces, as an act of good faith, would surely bolster our relations.;;;;;;;;;;;;x
return_cores_HES_title;Return cores to Hesse;;;;;;;;;;;;;;;;;;;;x,,
return_cores_HES_desc;We hold provinces that Hesse has claims on. Returning these provinces, as an act of good faith, would surely bolster our relations.;;;;;;;;;;;;x
return_cores_HLL_title;Return cores to Holland;;;;;;;;;;;;;;;;;;;;x,,
return_cores_HLL_desc;We hold provinces that Holland has claims on. Returning these provinces, as an act of good faith, would surely bolster our relations.;;;;;;;;;;;;x
return_cores_HND_title;Return cores to Nak Ratna Raj;;;;;;;;;;;;;;;;;;;;x,,
return_cores_HND_desc;We hold provinces that Nak Ratna Raj has claims on. Returning these provinces, as an act of good faith, would surely bolster our relations.;;;;;;;;;;;;x
return_cores_HOD_title;Return cores to Khodynt;;;;;;;;;;;;;;;;;;;;x,,
return_cores_HOD_desc;We hold provinces that Khodynt has claims on. Returning these provinces, as an act of good faith, would surely bolster our relations.;;;;;;;;;;;;x
return_cores_HOL_title;Return cores to Holstein;;;;;;;;;;;;;;;;;;;;x,,
return_cores_HOL_desc;We hold provinces that Holstein has claims on. Returning these provinces, as an act of good faith, would surely bolster our relations.;;;;;;;;;;;;x
return_cores_HSC_title;Return cores to Gaeldom;;;;;;;;;;;;;;;;;;;;x,,
return_cores_HSC_desc;We hold provinces that Gaeldom has claims on. Returning these provinces, as an act of good faith, would surely bolster our relations.;;;;;;;;;;;;x
return_cores_HUA_title;Return cores to Huai;;;;;;;;;;;;;;;;;;;;x,,
return_cores_HUA_desc;We hold provinces that Huai has claims on. Returning these provinces, as an act of good faith, would surely bolster our relations.;;;;;;;;;;;;x
return_cores_HUN_title;Return cores to Hungary;;;;;;;;;;;;;;;;;;;;x,,
return_cores_HUN_desc;We hold provinces that Hungary has claims on. Returning these provinces, as an act of good faith, would surely bolster our relations.;;;;;;;;;;;;x
return_cores_HUR_title;Return cores to Huron;;;;;;;;;;;;;;;;;;;;x,,
return_cores_HUR_desc;We hold provinces that Huron has claims on. Returning these provinces, as an act of good faith, would surely bolster our relations.;;;;;;;;;;;;x
return_cores_HWH_title;Return cores to Hawai'i;;;;;;;;;;;;;;;;;;;;x,,
return_cores_HWH_desc;We hold provinces that Hawai'i has claims on. Returning these provinces, as an act of good faith, would surely bolster our relations.;;;;;;;;;;;;x
return_cores_ICL_title;Return cores to Ísland;;;;;;;;;;;;;;;;;;;;x,,
return_cores_ICL_desc;We hold provinces that Ísland has claims on. Returning these provinces, as an act of good faith, would surely bolster our relations.;;;;;;;;;;;;x
return_cores_IPR_title;Return cores to Indrapura;;;;;;;;;;;;;;;;;;;;x,,
return_cores_IPR_desc;We hold provinces that Indrapura has claims on. Returning these provinces, as an act of good faith, would surely bolster our relations.;;;;;;;;;;;;x
return_cores_IRO_title;Return cores to Iroquois;;;;;;;;;;;;;;;;;;;;x,,
return_cores_IRO_desc;We hold provinces that Iroquois has claims on. Returning these provinces, as an act of good faith, would surely bolster our relations.;;;;;;;;;;;;x
return_cores_ITZ_title;Return cores to Itza;;;;;;;;;;;;;;;;;;;;x,,
return_cores_ITZ_desc;We hold provinces that Itza has claims on. Returning these provinces, as an act of good faith, would surely bolster our relations.;;;;;;;;;;;;x
return_cores_JAP_title;Return cores to Japan;;;;;;;;;;;;;;;;;;;;x,,
return_cores_JAP_desc;We hold provinces that Japan has claims on. Returning these provinces, as an act of good faith, would surely bolster our relations.;;;;;;;;;;;;x
return_cores_JIM_title;Return cores to Jimma;;;;;;;;;;;;;;;;;;;;x,,
return_cores_JIM_desc;We hold provinces that Jimma has claims on. Returning these provinces, as an act of good faith, would surely bolster our relations.;;;;;;;;;;;;x
return_cores_JIN_title;Return cores to Jin;;;;;;;;;;;;;;;;;;;;x,,
return_cores_JIN_desc;We hold provinces that Jin has claims on. Returning these provinces, as an act of good faith, would surely bolster our relations.;;;;;;;;;;;;x
return_cores_KAF_title;Return cores to Kaffa;;;;;;;;;;;;;;;;;;;;x,,
return_cores_KAF_desc;We hold provinces that Kaffa has claims on. Returning these provinces, as an act of good faith, would surely bolster our relations.;;;;;;;;;;;;x
return_cores_KBO_title;Return cores to Kanem;;;;;;;;;;;;;;;;;;;;x,,
return_cores_KBO_desc;We hold provinces that Kanem has claims on. Returning these provinces, as an act of good faith, would surely bolster our relations.;;;;;;;;;;;;x
return_cores_KHA_title;Return cores to Mongolia;;;;;;;;;;;;;;;;;;;;x,,
return_cores_KHA_desc;We hold provinces that Mongolia has claims on. Returning these provinces, as an act of good faith, would surely bolster our relations.;;;;;;;;;;;;x
return_cores_KHO_title;Return cores to Tahirids;;;;;;;;;;;;;;;;;;;;x,,
return_cores_KHO_desc;We hold provinces that Tahirids has claims on. Returning these provinces, as an act of good faith, would surely bolster our relations.;;;;;;;;;;;;x
return_cores_KIC_title;Return cores to Kiche;;;;;;;;;;;;;;;;;;;;x,,
return_cores_KIC_desc;We hold provinces that Kiche has claims on. Returning these provinces, as an act of good faith, would surely bolster our relations.;;;;;;;;;;;;x
return_cores_KIT_title;Return cores to Kitara;;;;;;;;;;;;;;;;;;;;x,,
return_cores_KIT_desc;We hold provinces that Kitara has claims on. Returning these provinces, as an act of good faith, would surely bolster our relations.;;;;;;;;;;;;x
return_cores_KLK_title;Return cores to Khalkha;;;;;;;;;;;;;;;;;;;;x,,
return_cores_KLK_desc;We hold provinces that Khalkha has claims on. Returning these provinces, as an act of good faith, would surely bolster our relations.;;;;;;;;;;;;x
return_cores_KMC_title;Return cores to Kamchadals;;;;;;;;;;;;;;;;;;;;x,,
return_cores_KMC_desc;We hold provinces that Kamchadals has claims on. Returning these provinces, as an act of good faith, would surely bolster our relations.;;;;;;;;;;;;x
return_cores_KON_title;Return cores to Kongo;;;;;;;;;;;;;;;;;;;;x,,
return_cores_KON_desc;We hold provinces that Kongo has claims on. Returning these provinces, as an act of good faith, would surely bolster our relations.;;;;;;;;;;;;x
return_cores_KOR_title;Return cores to Joseon Shogunate;;;;;;;;;;;;;;;;;;;;x,,
return_cores_KOR_desc;We hold provinces that Joseon Shogunate has claims on. Returning these provinces, as an act of good faith, would surely bolster our relations.;;;;;;;;;;;;x
return_cores_KRC_title;Return cores to Korchin;;;;;;;;;;;;;;;;;;;;x,,
return_cores_KRC_desc;We hold provinces that Korchin has claims on. Returning these provinces, as an act of good faith, would surely bolster our relations.;;;;;;;;;;;;x
return_cores_KRN_title;Return cores to Rashtrakutas;;;;;;;;;;;;;;;;;;;;x,,
return_cores_KRN_desc;We hold provinces that Rashtrakutas has claims on. Returning these provinces, as an act of good faith, would surely bolster our relations.;;;;;;;;;;;;x
return_cores_KSJ_title;Return cores to Kasanje;;;;;;;;;;;;;;;;;;;;x,,
return_cores_KSJ_desc;We hold provinces that Kasanje has claims on. Returning these provinces, as an act of good faith, would surely bolster our relations.;;;;;;;;;;;;x
return_cores_KUB_title;Return cores to Kuba;;;;;;;;;;;;;;;;;;;;x,,
return_cores_KUB_desc;We hold provinces that Kuba has claims on. Returning these provinces, as an act of good faith, would surely bolster our relations.;;;;;;;;;;;;x
return_cores_KZB_title;Return cores to Kazembe;;;;;;;;;;;;;;;;;;;;x,,
return_cores_KZB_desc;We hold provinces that Kazembe has claims on. Returning these provinces, as an act of good faith, would surely bolster our relations.;;;;;;;;;;;;x
return_cores_KZN_title;Return cores to Kazan;;;;;;;;;;;;;;;;;;;;x,,
return_cores_KZN_desc;We hold provinces that Kazan has claims on. Returning these provinces, as an act of good faith, would surely bolster our relations.;;;;;;;;;;;;x
return_cores_LAC_title;Return cores to Tzotzil;;;;;;;;;;;;;;;;;;;;x,,
return_cores_LAC_desc;We hold provinces that Tzotzil has claims on. Returning these provinces, as an act of good faith, would surely bolster our relations.;;;;;;;;;;;;x
return_cores_LBA_title;Return cores to Luba;;;;;;;;;;;;;;;;;;;;x,,
return_cores_LBA_desc;We hold provinces that Luba has claims on. Returning these provinces, as an act of good faith, would surely bolster our relations.;;;;;;;;;;;;x
return_cores_LEN_title;Return cores to Lenape;;;;;;;;;;;;;;;;;;;;x,,
return_cores_LEN_desc;We hold provinces that Lenape has claims on. Returning these provinces, as an act of good faith, would surely bolster our relations.;;;;;;;;;;;;x
return_cores_LIT_title;Return cores to Lithuania;;;;;;;;;;;;;;;;;;;;x,,
return_cores_LIT_desc;We hold provinces that Lithuania has claims on. Returning these provinces, as an act of good faith, would surely bolster our relations.;;;;;;;;;;;;x
return_cores_LNA_title;Return cores to Lan Na;;;;;;;;;;;;;;;;;;;;x,,
return_cores_LNA_desc;We hold provinces that Lan Na has claims on. Returning these provinces, as an act of good faith, would surely bolster our relations.;;;;;;;;;;;;x
return_cores_LNG_title;Return cores to Liang;;;;;;;;;;;;;;;;;;;;x,,
return_cores_LNG_desc;We hold provinces that Liang has claims on. Returning these provinces, as an act of good faith, would surely bolster our relations.;;;;;;;;;;;;x
return_cores_LOU_title;Return cores to Nyja Normandi;;;;;;;;;;;;;;;;;;;;x,,
return_cores_LOU_desc;We hold provinces that Nyja Normandi has claims on. Returning these provinces, as an act of good faith, would surely bolster our relations.;;;;;;;;;;;;x
return_cores_LPN_title;Return cores to Lipan;;;;;;;;;;;;;;;;;;;;x,,
return_cores_LPN_desc;We hold provinces that Lipan has claims on. Returning these provinces, as an act of good faith, would surely bolster our relations.;;;;;;;;;;;;x
return_cores_LSK_title;Return cores to Joseon Cascadia;;;;;;;;;;;;;;;;;;;;x,,
return_cores_LSK_desc;We hold provinces that Joseon Cascadia has claims on. Returning these provinces, as an act of good faith, would surely bolster our relations.;;;;;;;;;;;;x
return_cores_LUA_title;Return cores to Luang Prabang;;;;;;;;;;;;;;;;;;;;x,,
return_cores_LUA_desc;We hold provinces that Luang Prabang has claims on. Returning these provinces, as an act of good faith, would surely bolster our relations.;;;;;;;;;;;;x
return_cores_LUB_title;Return cores to Lübeck;;;;;;;;;;;;;;;;;;;;x,,
return_cores_LUB_desc;We hold provinces that Lübeck has claims on. Returning these provinces, as an act of good faith, would surely bolster our relations.;;;;;;;;;;;;x
return_cores_LUN_title;Return cores to Lunda;;;;;;;;;;;;;;;;;;;;x,,
return_cores_LUN_desc;We hold provinces that Lunda has claims on. Returning these provinces, as an act of good faith, would surely bolster our relations.;;;;;;;;;;;;x
return_cores_LUZ_title;Return cores to Polabia;;;;;;;;;;;;;;;;;;;;x,,
return_cores_LUZ_desc;We hold provinces that Polabia has claims on. Returning these provinces, as an act of good faith, would surely bolster our relations.;;;;;;;;;;;;x
return_cores_LXA_title;Return cores to Lan Xang;;;;;;;;;;;;;;;;;;;;x,,
return_cores_LXA_desc;We hold provinces that Lan Xang has claims on. Returning these provinces, as an act of good faith, would surely bolster our relations.;;;;;;;;;;;;x
return_cores_MCA_title;Return cores to Muisca;;;;;;;;;;;;;;;;;;;;x,,
return_cores_MCA_desc;We hold provinces that Muisca has claims on. Returning these provinces, as an act of good faith, would surely bolster our relations.;;;;;;;;;;;;x
return_cores_MEC_title;Return cores to Mecklenburg;;;;;;;;;;;;;;;;;;;;x,,
return_cores_MEC_desc;We hold provinces that Mecklenburg has claims on. Returning these provinces, as an act of good faith, would surely bolster our relations.;;;;;;;;;;;;x
return_cores_MIX_title;Return cores to Mixtec;;;;;;;;;;;;;;;;;;;;x,,
return_cores_MIX_desc;We hold provinces that Mixtec has claims on. Returning these provinces, as an act of good faith, would surely bolster our relations.;;;;;;;;;;;;x
return_cores_MJP_title;Return cores to Majapahit;;;;;;;;;;;;;;;;;;;;x,,
return_cores_MJP_desc;We hold provinces that Majapahit has claims on. Returning these provinces, as an act of good faith, would surely bolster our relations.;;;;;;;;;;;;x
return_cores_MJZ_title;Return cores to Jianzhou;;;;;;;;;;;;;;;;;;;;x,,
return_cores_MJZ_desc;We hold provinces that Jianzhou has claims on. Returning these provinces, as an act of good faith, would surely bolster our relations.;;;;;;;;;;;;x
return_cores_MKS_title;Return cores to Makassar;;;;;;;;;;;;;;;;;;;;x,,
return_cores_MKS_desc;We hold provinces that Makassar has claims on. Returning these provinces, as an act of good faith, would surely bolster our relations.;;;;;;;;;;;;x
return_cores_MKU_title;Return cores to Makua;;;;;;;;;;;;;;;;;;;;x,,
return_cores_MKU_desc;We hold provinces that Makua has claims on. Returning these provinces, as an act of good faith, would surely bolster our relations.;;;;;;;;;;;;x
return_cores_MLC_title;Return cores to Malacca;;;;;;;;;;;;;;;;;;;;x,,
return_cores_MLC_desc;We hold provinces that Malacca has claims on. Returning these provinces, as an act of good faith, would surely bolster our relations.;;;;;;;;;;;;x
return_cores_MLI_title;Return cores to Manding;;;;;;;;;;;;;;;;;;;;x,,
return_cores_MLI_desc;We hold provinces that Manding has claims on. Returning these provinces, as an act of good faith, would surely bolster our relations.;;;;;;;;;;;;x
return_cores_MLW_title;Return cores to Maravi;;;;;;;;;;;;;;;;;;;;x,,
return_cores_MLW_desc;We hold provinces that Maravi has claims on. Returning these provinces, as an act of good faith, would surely bolster our relations.;;;;;;;;;;;;x
return_cores_MNX_title;Return cores to Ming;;;;;;;;;;;;;;;;;;;;x,,
return_cores_MNX_desc;We hold provinces that Ming has claims on. Returning these provinces, as an act of good faith, would surely bolster our relations.;;;;;;;;;;;;x
return_cores_MOR_title;Return cores to Maghreb;;;;;;;;;;;;;;;;;;;;x,,
return_cores_MOR_desc;We hold provinces that Maghreb has claims on. Returning these provinces, as an act of good faith, would surely bolster our relations.;;;;;;;;;;;;x
return_cores_MPC_title;Return cores to Mapuche;;;;;;;;;;;;;;;;;;;;x,,
return_cores_MPC_desc;We hold provinces that Mapuche has claims on. Returning these provinces, as an act of good faith, would surely bolster our relations.;;;;;;;;;;;;x
return_cores_MRI_title;Return cores to Mori;;;;;;;;;;;;;;;;;;;;x,,
return_cores_MRI_desc;We hold provinces that Mori has claims on. Returning these provinces, as an act of good faith, would surely bolster our relations.;;;;;;;;;;;;x
return_cores_MRT_title;Return cores to Maharastran Maharastra;;;;;;;;;;;;;;;;;;;;x,,
return_cores_MRT_desc;We hold provinces that Maharastran Maharastra has claims on. Returning these provinces, as an act of good faith, would surely bolster our relations.;;;;;;;;;;;;x
return_cores_MSC_title;Return cores to Mescalero;;;;;;;;;;;;;;;;;;;;x,,
return_cores_MSC_desc;We hold provinces that Mescalero has claims on. Returning these provinces, as an act of good faith, would surely bolster our relations.;;;;;;;;;;;;x
return_cores_MSK_title;Return cores to Miskito;;;;;;;;;;;;;;;;;;;;x,,
return_cores_MSK_desc;We hold provinces that Miskito has claims on. Returning these provinces, as an act of good faith, would surely bolster our relations.;;;;;;;;;;;;x
return_cores_MTL_title;Return cores to Matlatzinca;;;;;;;;;;;;;;;;;;;;x,,
return_cores_MTL_desc;We hold provinces that Matlatzinca has claims on. Returning these provinces, as an act of good faith, would surely bolster our relations.;;;;;;;;;;;;x
return_cores_MYA_title;Return cores to Mong Yang;;;;;;;;;;;;;;;;;;;;x,,
return_cores_MYA_desc;We hold provinces that Mong Yang has claims on. Returning these provinces, as an act of good faith, would surely bolster our relations.;;;;;;;;;;;;x
return_cores_NDO_title;Return cores to Ndongo;;;;;;;;;;;;;;;;;;;;x,,
return_cores_NDO_desc;We hold provinces that Ndongo has claims on. Returning these provinces, as an act of good faith, would surely bolster our relations.;;;;;;;;;;;;x
return_cores_NEA_title;Return cores to Imperium Chersonesi;;;;;;;;;;;;;;;;;;;;x,,
return_cores_NEA_desc;We hold provinces that Imperium Chersonesi has claims on. Returning these provinces, as an act of good faith, would surely bolster our relations.;;;;;;;;;;;;x
return_cores_NEJ_title;Return cores to Najd;;;;;;;;;;;;;;;;;;;;x,,
return_cores_NEJ_desc;We hold provinces that Najd has claims on. Returning these provinces, as an act of good faith, would surely bolster our relations.;;;;;;;;;;;;x
return_cores_NEP_title;Return cores to Nepal;;;;;;;;;;;;;;;;;;;;x,,
return_cores_NEP_desc;We hold provinces that Nepal has claims on. Returning these provinces, as an act of good faith, would surely bolster our relations.;;;;;;;;;;;;x
return_cores_NET_title;Return cores to Netherlands;;;;;;;;;;;;;;;;;;;;x,,
return_cores_NET_desc;We hold provinces that Netherlands has claims on. Returning these provinces, as an act of good faith, would surely bolster our relations.;;;;;;;;;;;;x
return_cores_NEW_title;Return cores to Vinland;;;;;;;;;;;;;;;;;;;;x,,
return_cores_NEW_desc;We hold provinces that Vinland has claims on. Returning these provinces, as an act of good faith, would surely bolster our relations.;;;;;;;;;;;;x
return_cores_NNG_title;Return cores to Ning;;;;;;;;;;;;;;;;;;;;x,,
return_cores_NNG_desc;We hold provinces that Ning has claims on. Returning these provinces, as an act of good faith, would surely bolster our relations.;;;;;;;;;;;;x
return_cores_NOG_title;Return cores to Nogai;;;;;;;;;;;;;;;;;;;;x,,
return_cores_NOG_desc;We hold provinces that Nogai has claims on. Returning these provinces, as an act of good faith, would surely bolster our relations.;;;;;;;;;;;;x
return_cores_NTZ_title;Return cores to Natchez;;;;;;;;;;;;;;;;;;;;x,,
return_cores_NTZ_desc;We hold provinces that Natchez has claims on. Returning these provinces, as an act of good faith, would surely bolster our relations.;;;;;;;;;;;;x
return_cores_NUM_title;Return cores to Norimberk;;;;;;;;;;;;;;;;;;;;x,,
return_cores_NUM_desc;We hold provinces that Norimberk has claims on. Returning these provinces, as an act of good faith, would surely bolster our relations.;;;;;;;;;;;;x
return_cores_NUP_title;Return cores to Nupe;;;;;;;;;;;;;;;;;;;;x,,
return_cores_NUP_desc;We hold provinces that Nupe has claims on. Returning these provinces, as an act of good faith, would surely bolster our relations.;;;;;;;;;;;;x
return_cores_NVK_title;Return cores to Nivkh;;;;;;;;;;;;;;;;;;;;x,,
return_cores_NVK_desc;We hold provinces that Nivkh has claims on. Returning these provinces, as an act of good faith, would surely bolster our relations.;;;;;;;;;;;;x
return_cores_OEO_title;Return cores to Oneota;;;;;;;;;;;;;;;;;;;;x,,
return_cores_OEO_desc;We hold provinces that Oneota has claims on. Returning these provinces, as an act of good faith, would surely bolster our relations.;;;;;;;;;;;;x
return_cores_OHK_title;Return cores to Ohkay Owingeh;;;;;;;;;;;;;;;;;;;;x,,
return_cores_OHK_desc;We hold provinces that Ohkay Owingeh has claims on. Returning these provinces, as an act of good faith, would surely bolster our relations.;;;;;;;;;;;;x
return_cores_OMA_title;Return cores to Oman;;;;;;;;;;;;;;;;;;;;x,,
return_cores_OMA_desc;We hold provinces that Oman has claims on. Returning these provinces, as an act of good faith, would surely bolster our relations.;;;;;;;;;;;;x
return_cores_OSA_title;Return cores to Osage;;;;;;;;;;;;;;;;;;;;x,,
return_cores_OSA_desc;We hold provinces that Osage has claims on. Returning these provinces, as an act of good faith, would surely bolster our relations.;;;;;;;;;;;;x
return_cores_OTM_title;Return cores to Otomo;;;;;;;;;;;;;;;;;;;;x,,
return_cores_OTM_desc;We hold provinces that Otomo has claims on. Returning these provinces, as an act of good faith, would surely bolster our relations.;;;;;;;;;;;;x
return_cores_OTO_title;Return cores to Otomi;;;;;;;;;;;;;;;;;;;;x,,
return_cores_OTO_desc;We hold provinces that Otomi has claims on. Returning these provinces, as an act of good faith, would surely bolster our relations.;;;;;;;;;;;;x
return_cores_OYO_title;Return cores to Yorubaland;;;;;;;;;;;;;;;;;;;;x,,
return_cores_OYO_desc;We hold provinces that Yorubaland has claims on. Returning these provinces, as an act of good faith, would surely bolster our relations.;;;;;;;;;;;;x
return_cores_PAL_title;Return cores to The Palatinate;;;;;;;;;;;;;;;;;;;;x,,
return_cores_PAL_desc;We hold provinces that The Palatinate has claims on. Returning these provinces, as an act of good faith, would surely bolster our relations.;;;;;;;;;;;;x
return_cores_PAW_title;Return cores to Pawnee;;;;;;;;;;;;;;;;;;;;x,,
return_cores_PAW_desc;We hold provinces that Pawnee has claims on. Returning these provinces, as an act of good faith, would surely bolster our relations.;;;;;;;;;;;;x
return_cores_PCH_title;Return cores to Patzinakia;;;;;;;;;;;;;;;;;;;;x,,
return_cores_PCH_desc;We hold provinces that Patzinakia has claims on. Returning these provinces, as an act of good faith, would surely bolster our relations.;;;;;;;;;;;;x
return_cores_PEG_title;Return cores to Râmaññadesa;;;;;;;;;;;;;;;;;;;;x,,
return_cores_PEG_desc;We hold provinces that Râmaññadesa has claims on. Returning these provinces, as an act of good faith, would surely bolster our relations.;;;;;;;;;;;;x
return_cores_PHG_title;Return cores to Pahang;;;;;;;;;;;;;;;;;;;;x,,
return_cores_PHG_desc;We hold provinces that Pahang has claims on. Returning these provinces, as an act of good faith, would surely bolster our relations.;;;;;;;;;;;;x
return_cores_PLB_title;Return cores to Palembang;;;;;;;;;;;;;;;;;;;;x,,
return_cores_PLB_desc;We hold provinces that Palembang has claims on. Returning these provinces, as an act of good faith, would surely bolster our relations.;;;;;;;;;;;;x
return_cores_PLT_title;Return cores to White Rus';;;;;;;;;;;;;;;;;;;;x,,
return_cores_PLT_desc;We hold provinces that White Rus' has claims on. Returning these provinces, as an act of good faith, would surely bolster our relations.;;;;;;;;;;;;x
return_cores_POM_title;Return cores to Pomerania;;;;;;;;;;;;;;;;;;;;x,,
return_cores_POM_desc;We hold provinces that Pomerania has claims on. Returning these provinces, as an act of good faith, would surely bolster our relations.;;;;;;;;;;;;x
return_cores_POW_title;Return cores to Powhatan;;;;;;;;;;;;;;;;;;;;x,,
return_cores_POW_desc;We hold provinces that Powhatan has claims on. Returning these provinces, as an act of good faith, would surely bolster our relations.;;;;;;;;;;;;x
return_cores_PRM_title;Return cores to Perm;;;;;;;;;;;;;;;;;;;;x,,
return_cores_PRM_desc;We hold provinces that Perm has claims on. Returning these provinces, as an act of good faith, would surely bolster our relations.;;;;;;;;;;;;x
return_cores_PRT_title;Return cores to Pruthenia;;;;;;;;;;;;;;;;;;;;x,,
return_cores_PRT_desc;We hold provinces that Pruthenia has claims on. Returning these provinces, as an act of good faith, would surely bolster our relations.;;;;;;;;;;;;x
return_cores_QIC_title;Return cores to Qi;;;;;;;;;;;;;;;;;;;;x,,
return_cores_QIC_desc;We hold provinces that Qi has claims on. Returning these provinces, as an act of good faith, would surely bolster our relations.;;;;;;;;;;;;x
return_cores_QTO_title;Return cores to Quito;;;;;;;;;;;;;;;;;;;;x,,
return_cores_QTO_desc;We hold provinces that Quito has claims on. Returning these provinces, as an act of good faith, would surely bolster our relations.;;;;;;;;;;;;x
return_cores_ROM_title;Return cores to Romania;;;;;;;;;;;;;;;;;;;;x,,
return_cores_ROM_desc;We hold provinces that Romania has claims on. Returning these provinces, as an act of good faith, would surely bolster our relations.;;;;;;;;;;;;x
return_cores_RWA_title;Return cores to Rwanda;;;;;;;;;;;;;;;;;;;;x,,
return_cores_RWA_desc;We hold provinces that Rwanda has claims on. Returning these provinces, as an act of good faith, would surely bolster our relations.;;;;;;;;;;;;x
return_cores_RYA_title;Return cores to Ryazan;;;;;;;;;;;;;;;;;;;;x,,
return_cores_RYA_desc;We hold provinces that Ryazan has claims on. Returning these provinces, as an act of good faith, would surely bolster our relations.;;;;;;;;;;;;x
return_cores_SAL_title;Return cores to Salish;;;;;;;;;;;;;;;;;;;;x,,
return_cores_SAL_desc;We hold provinces that Salish has claims on. Returning these provinces, as an act of good faith, would surely bolster our relations.;;;;;;;;;;;;x
return_cores_SCA_title;Return cores to Scandinavia;;;;;;;;;;;;;;;;;;;;x,,
return_cores_SCA_desc;We hold provinces that Scandinavia has claims on. Returning these provinces, as an act of good faith, would surely bolster our relations.;;;;;;;;;;;;x
return_cores_SER_title;Return cores to Raška;;;;;;;;;;;;;;;;;;;;x,,
return_cores_SER_desc;We hold provinces that Raška has claims on. Returning these provinces, as an act of good faith, would surely bolster our relations.;;;;;;;;;;;;x
return_cores_SGH_title;Return cores to Songhai;;;;;;;;;;;;;;;;;;;;x,,
return_cores_SGH_desc;We hold provinces that Songhai has claims on. Returning these provinces, as an act of good faith, would surely bolster our relations.;;;;;;;;;;;;x
return_cores_SHS_title;Return cores to Shoshone;;;;;;;;;;;;;;;;;;;;x,,
return_cores_SHS_desc;We hold provinces that Shoshone has claims on. Returning these provinces, as an act of good faith, would surely bolster our relations.;;;;;;;;;;;;x
return_cores_SHU_title;Return cores to Shu;;;;;;;;;;;;;;;;;;;;x,,
return_cores_SHU_desc;We hold provinces that Shu has claims on. Returning these provinces, as an act of good faith, would surely bolster our relations.;;;;;;;;;;;;x
return_cores_SHY_title;Return cores to Uzbek;;;;;;;;;;;;;;;;;;;;x,,
return_cores_SHY_desc;We hold provinces that Uzbek has claims on. Returning these provinces, as an act of good faith, would surely bolster our relations.;;;;;;;;;;;;x
return_cores_SIA_title;Return cores to Ayutthaya;;;;;;;;;;;;;;;;;;;;x,,
return_cores_SIA_desc;We hold provinces that Ayutthaya has claims on. Returning these provinces, as an act of good faith, would surely bolster our relations.;;;;;;;;;;;;x
return_cores_SIO_title;Return cores to Sioux;;;;;;;;;;;;;;;;;;;;x,,
return_cores_SIO_desc;We hold provinces that Sioux has claims on. Returning these provinces, as an act of good faith, would surely bolster our relations.;;;;;;;;;;;;x
return_cores_SKA_title;Return cores to Sakalava;;;;;;;;;;;;;;;;;;;;x,,
return_cores_SKA_desc;We hold provinces that Sakalava has claims on. Returning these provinces, as an act of good faith, would surely bolster our relations.;;;;;;;;;;;;x
return_cores_SLO_title;Return cores to Cilli;;;;;;;;;;;;;;;;;;;;x,,
return_cores_SLO_desc;We hold provinces that Cilli has claims on. Returning these provinces, as an act of good faith, would surely bolster our relations.;;;;;;;;;;;;x
return_cores_SMI_title;Return cores to Sápmi;;;;;;;;;;;;;;;;;;;;x,,
return_cores_SMI_desc;We hold provinces that Sápmi has claims on. Returning these provinces, as an act of good faith, would surely bolster our relations.;;;;;;;;;;;;x
return_cores_SPQ_title;Return cores to Imperium Romanum;;;;;;;;;;;;;;;;;;;;x,,
return_cores_SPQ_desc;We hold provinces that Imperium Romanum has claims on. Returning these provinces, as an act of good faith, would surely bolster our relations.;;;;;;;;;;;;x
return_cores_SUD_title;Return cores to Nubia;;;;;;;;;;;;;;;;;;;;x,,
return_cores_SUD_desc;We hold provinces that Nubia has claims on. Returning these provinces, as an act of good faith, would surely bolster our relations.;;;;;;;;;;;;x
return_cores_SUL_title;Return cores to Sulu;;;;;;;;;;;;;;;;;;;;x,,
return_cores_SUL_desc;We hold provinces that Sulu has claims on. Returning these provinces, as an act of good faith, would surely bolster our relations.;;;;;;;;;;;;x
return_cores_SUN_title;Return cores to Sunda;;;;;;;;;;;;;;;;;;;;x,,
return_cores_SUN_desc;We hold provinces that Sunda has claims on. Returning these provinces, as an act of good faith, would surely bolster our relations.;;;;;;;;;;;;x
return_cores_SWA_title;Return cores to Kilwa;;;;;;;;;;;;;;;;;;;;x,,
return_cores_SWA_desc;We hold provinces that Kilwa has claims on. Returning these provinces, as an act of good faith, would surely bolster our relations.;;;;;;;;;;;;x
return_cores_SWE_title;Return cores to Sweden;;;;;;;;;;;;;;;;;;;;x,,
return_cores_SWE_desc;We hold provinces that Sweden has claims on. Returning these provinces, as an act of good faith, would surely bolster our relations.;;;;;;;;;;;;x
return_cores_SWI_title;Return cores to Switzerland;;;;;;;;;;;;;;;;;;;;x,,
return_cores_SWI_desc;We hold provinces that Switzerland has claims on. Returning these provinces, as an act of good faith, would surely bolster our relations.;;;;;;;;;;;;x
return_cores_SYR_title;Return cores to Syria;;;;;;;;;;;;;;;;;;;;x,,
return_cores_SYR_desc;We hold provinces that Syria has claims on. Returning these provinces, as an act of good faith, would surely bolster our relations.;;;;;;;;;;;;x
return_cores_TBZ_title;Return cores to Trebizond;;;;;;;;;;;;;;;;;;;;x,,
return_cores_TBZ_desc;We hold provinces that Trebizond has claims on. Returning these provinces, as an act of good faith, would surely bolster our relations.;;;;;;;;;;;;x
return_cores_TEX_title;Return cores to Texas;;;;;;;;;;;;;;;;;;;;x,,
return_cores_TEX_desc;We hold provinces that Texas has claims on. Returning these provinces, as an act of good faith, would surely bolster our relations.;;;;;;;;;;;;x
return_cores_TIB_title;Return cores to Tibet;;;;;;;;;;;;;;;;;;;;x,,
return_cores_TIB_desc;We hold provinces that Tibet has claims on. Returning these provinces, as an act of good faith, would surely bolster our relations.;;;;;;;;;;;;x
return_cores_TID_title;Return cores to Tidore;;;;;;;;;;;;;;;;;;;;x,,
return_cores_TID_desc;We hold provinces that Tidore has claims on. Returning these provinces, as an act of good faith, would surely bolster our relations.;;;;;;;;;;;;x
return_cores_TLA_title;Return cores to Tlapanec;;;;;;;;;;;;;;;;;;;;x,,
return_cores_TLA_desc;We hold provinces that Tlapanec has claims on. Returning these provinces, as an act of good faith, would surely bolster our relations.;;;;;;;;;;;;x
return_cores_TLX_title;Return cores to Tlaxcala;;;;;;;;;;;;;;;;;;;;x,,
return_cores_TLX_desc;We hold provinces that Tlaxcala has claims on. Returning these provinces, as an act of good faith, would surely bolster our relations.;;;;;;;;;;;;x
return_cores_TOT_title;Return cores to Totonac;;;;;;;;;;;;;;;;;;;;x,,
return_cores_TOT_desc;We hold provinces that Totonac has claims on. Returning these provinces, as an act of good faith, would surely bolster our relations.;;;;;;;;;;;;x
return_cores_TRS_title;Return cores to Tarascan;;;;;;;;;;;;;;;;;;;;x,,
return_cores_TRS_desc;We hold provinces that Tarascan has claims on. Returning these provinces, as an act of good faith, would surely bolster our relations.;;;;;;;;;;;;x
return_cores_TRX_title;Return cores to Samanids;;;;;;;;;;;;;;;;;;;;x,,
return_cores_TRX_desc;We hold provinces that Samanids has claims on. Returning these provinces, as an act of good faith, would surely bolster our relations.;;;;;;;;;;;;x
return_cores_TTE_title;Return cores to Ternate;;;;;;;;;;;;;;;;;;;;x,,
return_cores_TTE_desc;We hold provinces that Ternate has claims on. Returning these provinces, as an act of good faith, would surely bolster our relations.;;;;;;;;;;;;x
return_cores_TUA_title;Return cores to Tapuia;;;;;;;;;;;;;;;;;;;;x,,
return_cores_TUA_desc;We hold provinces that Tapuia has claims on. Returning these provinces, as an act of good faith, would surely bolster our relations.;;;;;;;;;;;;x
return_cores_UBD_title;Return cores to Estonia;;;;;;;;;;;;;;;;;;;;x,,
return_cores_UBD_desc;We hold provinces that Estonia has claims on. Returning these provinces, as an act of good faith, would surely bolster our relations.;;;;;;;;;;;;x
return_cores_UCA_title;Return cores to Central America;;;;;;;;;;;;;;;;;;;;x,,
return_cores_UCA_desc;We hold provinces that Central America has claims on. Returning these provinces, as an act of good faith, would surely bolster our relations.;;;;;;;;;;;;x
return_cores_UGR_title;Return cores to Yugra;;;;;;;;;;;;;;;;;;;;x,,
return_cores_UGR_desc;We hold provinces that Yugra has claims on. Returning these provinces, as an act of good faith, would surely bolster our relations.;;;;;;;;;;;;x
return_cores_UKR_title;Return cores to Ruthenia;;;;;;;;;;;;;;;;;;;;x,,
return_cores_UKR_desc;We hold provinces that Ruthenia has claims on. Returning these provinces, as an act of good faith, would surely bolster our relations.;;;;;;;;;;;;x
return_cores_ULM_title;Return cores to Ulm;;;;;;;;;;;;;;;;;;;;x,,
return_cores_ULM_desc;We hold provinces that Ulm has claims on. Returning these provinces, as an act of good faith, would surely bolster our relations.;;;;;;;;;;;;x
return_cores_USA_title;Return cores to United States;;;;;;;;;;;;;;;;;;;;x,,
return_cores_USA_desc;We hold provinces that United States has claims on. Returning these provinces, as an act of good faith, would surely bolster our relations.;;;;;;;;;;;;x
return_cores_UTS_title;Return cores to Ü;;;;;;;;;;;;;;;;;;;;x,,
return_cores_UTS_desc;We hold provinces that Ü has claims on. Returning these provinces, as an act of good faith, would surely bolster our relations.;;;;;;;;;;;;x
return_cores_VEN_title;Return cores to Venice;;;;;;;;;;;;;;;;;;;;x,,
return_cores_VEN_desc;We hold provinces that Venice has claims on. Returning these provinces, as an act of good faith, would surely bolster our relations.;;;;;;;;;;;;x
return_cores_VIJ_title;Return cores to Vijayanagar;;;;;;;;;;;;;;;;;;;;x,,
return_cores_VIJ_desc;We hold provinces that Vijayanagar has claims on. Returning these provinces, as an act of good faith, would surely bolster our relations.;;;;;;;;;;;;x
return_cores_WCR_title;Return cores to Cree;;;;;;;;;;;;;;;;;;;;x,,
return_cores_WCR_desc;We hold provinces that Cree has claims on. Returning these provinces, as an act of good faith, would surely bolster our relations.;;;;;;;;;;;;x
return_cores_WES_title;Return cores to Westphalia;;;;;;;;;;;;;;;;;;;;x,,
return_cores_WES_desc;We hold provinces that Westphalia has claims on. Returning these provinces, as an act of good faith, would surely bolster our relations.;;;;;;;;;;;;x
return_cores_WIC_title;Return cores to Wichita;;;;;;;;;;;;;;;;;;;;x,,
return_cores_WIC_desc;We hold provinces that Wichita has claims on. Returning these provinces, as an act of good faith, would surely bolster our relations.;;;;;;;;;;;;x
return_cores_WOL_title;Return cores to Jolof;;;;;;;;;;;;;;;;;;;;x,,
return_cores_WOL_desc;We hold provinces that Jolof has claims on. Returning these provinces, as an act of good faith, would surely bolster our relations.;;;;;;;;;;;;x
return_cores_X01_title;Return cores to Beja;;;;;;;;;;;;;;;;;;;;x,,
return_cores_X01_desc;We hold provinces that Beja has claims on. Returning these provinces, as an act of good faith, would surely bolster our relations.;;;;;;;;;;;;x
return_cores_X02_title;Return cores to Cumania;;;;;;;;;;;;;;;;;;;;x,,
return_cores_X02_desc;We hold provinces that Cumania has claims on. Returning these provinces, as an act of good faith, would surely bolster our relations.;;;;;;;;;;;;x
return_cores_X03_title;Return cores to Company of the Sun;;;;;;;;;;;;;;;;;;;;x,,
return_cores_X03_desc;We hold provinces that Company of the Sun has claims on. Returning these provinces, as an act of good faith, would surely bolster our relations.;;;;;;;;;;;;x
return_cores_X04_title;Return cores to Moon Company;;;;;;;;;;;;;;;;;;;;x,,
return_cores_X04_desc;We hold provinces that Moon Company has claims on. Returning these provinces, as an act of good faith, would surely bolster our relations.;;;;;;;;;;;;x
return_cores_X05_title;Return cores to Sinbad's Expedition;;;;;;;;;;;;;;;;;;;;x,,
return_cores_X05_desc;We hold provinces that Sinbad's Expedition has claims on. Returning these provinces, as an act of good faith, would surely bolster our relations.;;;;;;;;;;;;x
return_cores_X06_title;Return cores to Eclipse Guardians;;;;;;;;;;;;;;;;;;;;x,,
return_cores_X06_desc;We hold provinces that Eclipse Guardians has claims on. Returning these provinces, as an act of good faith, would surely bolster our relations.;;;;;;;;;;;;x
return_cores_X07_title;Return cores to Highland Shamshusin;;;;;;;;;;;;;;;;;;;;x,,
return_cores_X07_desc;We hold provinces that Highland Shamshusin has claims on. Returning these provinces, as an act of good faith, would surely bolster our relations.;;;;;;;;;;;;x
return_cores_X08_title;Return cores to Desert Wanderers;;;;;;;;;;;;;;;;;;;;x,,
return_cores_X08_desc;We hold provinces that Desert Wanderers has claims on. Returning these provinces, as an act of good faith, would surely bolster our relations.;;;;;;;;;;;;x
return_cores_X09_title;Return cores to Brunsvik;;;;;;;;;;;;;;;;;;;;x,,
return_cores_X09_desc;We hold provinces that Brunsvik has claims on. Returning these provinces, as an act of good faith, would surely bolster our relations.;;;;;;;;;;;;x
return_cores_X10_title;Return cores to Rothenberger Freistaat;;;;;;;;;;;;;;;;;;;;x,,
return_cores_X10_desc;We hold provinces that Rothenberger Freistaat has claims on. Returning these provinces, as an act of good faith, would surely bolster our relations.;;;;;;;;;;;;x
return_cores_X11_title;Return cores to Ancyra;;;;;;;;;;;;;;;;;;;;x,,
return_cores_X11_desc;We hold provinces that Ancyra has claims on. Returning these provinces, as an act of good faith, would surely bolster our relations.;;;;;;;;;;;;x
return_cores_X12_title;Return cores to Garsaura;;;;;;;;;;;;;;;;;;;;x,,
return_cores_X12_desc;We hold provinces that Garsaura has claims on. Returning these provinces, as an act of good faith, would surely bolster our relations.;;;;;;;;;;;;x
return_cores_X13_title;Return cores to Attouda;;;;;;;;;;;;;;;;;;;;x,,
return_cores_X13_desc;We hold provinces that Attouda has claims on. Returning these provinces, as an act of good faith, would surely bolster our relations.;;;;;;;;;;;;x
return_cores_X14_title;Return cores to Myrrha;;;;;;;;;;;;;;;;;;;;x,,
return_cores_X14_desc;We hold provinces that Myrrha has claims on. Returning these provinces, as an act of good faith, would surely bolster our relations.;;;;;;;;;;;;x
return_cores_X15_title;Return cores to Sebastea;;;;;;;;;;;;;;;;;;;;x,,
return_cores_X15_desc;We hold provinces that Sebastea has claims on. Returning these provinces, as an act of good faith, would surely bolster our relations.;;;;;;;;;;;;x
return_cores_X16_title;Return cores to Thessaloniki;;;;;;;;;;;;;;;;;;;;x,,
return_cores_X16_desc;We hold provinces that Thessaloniki has claims on. Returning these provinces, as an act of good faith, would surely bolster our relations.;;;;;;;;;;;;x
return_cores_X17_title;Return cores to Khazaria;;;;;;;;;;;;;;;;;;;;x,,
return_cores_X17_desc;We hold provinces that Khazaria has claims on. Returning these provinces, as an act of good faith, would surely bolster our relations.;;;;;;;;;;;;x
return_cores_X18_title;Return cores to Latgalia;;;;;;;;;;;;;;;;;;;;x,,
return_cores_X18_desc;We hold provinces that Latgalia has claims on. Returning these provinces, as an act of good faith, would surely bolster our relations.;;;;;;;;;;;;x
return_cores_X19_title;Return cores to Mordvinia;;;;;;;;;;;;;;;;;;;;x,,
return_cores_X19_desc;We hold provinces that Mordvinia has claims on. Returning these provinces, as an act of good faith, would surely bolster our relations.;;;;;;;;;;;;x
return_cores_X20_title;Return cores to Motu;;;;;;;;;;;;;;;;;;;;x,,
return_cores_X20_desc;We hold provinces that Motu has claims on. Returning these provinces, as an act of good faith, would surely bolster our relations.;;;;;;;;;;;;x
return_cores_X21_title;Return cores to Roman Empire;;;;;;;;;;;;;;;;;;;;x,,
return_cores_X21_desc;We hold provinces that Roman Empire has claims on. Returning these provinces, as an act of good faith, would surely bolster our relations.;;;;;;;;;;;;x
return_cores_X22_title;Return cores to Swabia;;;;;;;;;;;;;;;;;;;;x,,
return_cores_X22_desc;We hold provinces that Swabia has claims on. Returning these provinces, as an act of good faith, would surely bolster our relations.;;;;;;;;;;;;x
return_cores_X23_title;Return cores to Vepsia;;;;;;;;;;;;;;;;;;;;x,,
return_cores_X23_desc;We hold provinces that Vepsia has claims on. Returning these provinces, as an act of good faith, would surely bolster our relations.;;;;;;;;;;;;x
return_cores_X24_title;Return cores to Kingdom Of Bears;;;;;;;;;;;;;;;;;;;;x,,
return_cores_X24_desc;We hold provinces that Kingdom Of Bears has claims on. Returning these provinces, as an act of good faith, would surely bolster our relations.;;;;;;;;;;;;x
return_cores_X25_title;Return cores to Aksay;;;;;;;;;;;;;;;;;;;;x,,
return_cores_X25_desc;We hold provinces that Aksay has claims on. Returning these provinces, as an act of good faith, would surely bolster our relations.;;;;;;;;;;;;x
return_cores_X26_title;Return cores to Devagiri;;;;;;;;;;;;;;;;;;;;x,,
return_cores_X26_desc;We hold provinces that Devagiri has claims on. Returning these provinces, as an act of good faith, would surely bolster our relations.;;;;;;;;;;;;x
return_cores_X27_title;Return cores to Veletia;;;;;;;;;;;;;;;;;;;;x,,
return_cores_X27_desc;We hold provinces that Veletia has claims on. Returning these provinces, as an act of good faith, would surely bolster our relations.;;;;;;;;;;;;x
return_cores_X28_title;Return cores to Tarbagatai;;;;;;;;;;;;;;;;;;;;x,,
return_cores_X28_desc;We hold provinces that Tarbagatai has claims on. Returning these provinces, as an act of good faith, would surely bolster our relations.;;;;;;;;;;;;x
return_cores_X29_title;Return cores to West Franconia;;;;;;;;;;;;;;;;;;;;x,,
return_cores_X29_desc;We hold provinces that West Franconia has claims on. Returning these provinces, as an act of good faith, would surely bolster our relations.;;;;;;;;;;;;x
return_cores_XIU_title;Return cores to Xiu;;;;;;;;;;;;;;;;;;;;x,,
return_cores_XIU_desc;We hold provinces that Xiu has claims on. Returning these provinces, as an act of good faith, would surely bolster our relations.;;;;;;;;;;;;x
return_cores_XMA_title;Return cores to Tamil Eelam;;;;;;;;;;;;;;;;;;;;x,,
return_cores_XMA_desc;We hold provinces that Tamil Eelam has claims on. Returning these provinces, as an act of good faith, would surely bolster our relations.;;;;;;;;;;;;x
return_cores_YAN_title;Return cores to Yan;;;;;;;;;;;;;;;;;;;;x,,
return_cores_YAN_desc;We hold provinces that Yan has claims on. Returning these provinces, as an act of good faith, would surely bolster our relations.;;;;;;;;;;;;x
return_cores_YAQ_title;Return cores to Yaqui;;;;;;;;;;;;;;;;;;;;x,,
return_cores_YAQ_desc;We hold provinces that Yaqui has claims on. Returning these provinces, as an act of good faith, would surely bolster our relations.;;;;;;;;;;;;x
return_cores_YKA_title;Return cores to Yaka;;;;;;;;;;;;;;;;;;;;x,,
return_cores_YKA_desc;We hold provinces that Yaka has claims on. Returning these provinces, as an act of good faith, would surely bolster our relations.;;;;;;;;;;;;x
return_cores_YKT_title;Return cores to Yokuts;;;;;;;;;;;;;;;;;;;;x,,
return_cores_YKT_desc;We hold provinces that Yokuts has claims on. Returning these provinces, as an act of good faith, would surely bolster our relations.;;;;;;;;;;;;x
return_cores_YOK_title;Return cores to Yokotan;;;;;;;;;;;;;;;;;;;;x,,
return_cores_YOK_desc;We hold provinces that Yokotan has claims on. Returning these provinces, as an act of good faith, would surely bolster our relations.;;;;;;;;;;;;x
return_cores_YRK_title;Return cores to Vijayas;;;;;;;;;;;;;;;;;;;;x,,
return_cores_YRK_desc;We hold provinces that Vijayas has claims on. Returning these provinces, as an act of good faith, would surely bolster our relations.;;;;;;;;;;;;x
return_cores_ZAP_title;Return cores to Zapotec;;;;;;;;;;;;;;;;;;;;x,,
return_cores_ZAP_desc;We hold provinces that Zapotec has claims on. Returning these provinces, as an act of good faith, would surely bolster our relations.;;;;;;;;;;;;x
return_cores_ZIM_title;Return cores to Mutapa;;;;;;;;;;;;;;;;;;;;x,,
return_cores_ZIM_desc;We hold provinces that Mutapa has claims on. Returning these provinces, as an act of good faith, would surely bolster our relations.;;;;;;;;;;;;x
return_cores_ZUL_title;Return cores to Zulu;;;;;;;;;;;;;;;;;;;;x,,
return_cores_ZUL_desc;We hold provinces that Zulu has claims on. Returning these provinces, as an act of good faith, would surely bolster our relations.;;;;;;;;;;;;x
